<?xml version="1.0" encoding="UTF-8" standalone="yes"?>
<addon id="plugin.program.cheechwiz" name="Cheech Wizard" version="3.0" provider-name="Cheech">
  <requires>
    <import addon="xbmc.python" version="2.1.0"/>
  </requires>
  <extension point="xbmc.python.pluginsource" library="default.py">
    <provides>executable</provides>
  </extension>
  <extension point="xbmc.service" library="startup.py" start="startup" />
  <extension point="xbmc.addon.metadata">
    <summary lang="en">Cheech Wizard</summary>
    <description lang="en">Wizard allows you to get access to the latest Custom,Builds and much more.</description>
    <platform>all</platform>
  </extension>
</addon>
